1.144.83|0.27854705
1.147.17|0.62365025
1.177.0.|0.059176564
1.4.141.|0.23119313
1.56.57.|0.8491697
1.92.193|0.122000575
10.129.2|0.6755812
10.174.3|0.84922254
10.183.1|0.9927378
10.205.1|0.12730771
10.222.2|0.3837552
10.223.2|0.16019881
10.225.1|0.9160059
10.240.2|0.8131711
10.44.15|0.17490524
10.74.20|0.6796799
10.76.51|0.60398364
100.129.|0.9662048
100.209.|0.3493713
100.222.|0.38382512
100.5.12|0.692606
100.88.1|0.022681892
101.115.|0.6103655
101.117.|0.2812032
101.172.|0.65743214
101.210.|0.40047193
101.30.2|0.7123683
101.43.2|0.98762673
101.47.1|0.8057148
101.85.1|0.09704161
102.116.|0.91479045
102.154.|0.10198319
102.166.|0.79112786
102.208.|0.13434267
102.23.1|0.23681468
102.243.|0.66573954
102.49.1|0.87038845
102.62.1|0.1934458
103.133.|0.022140503
103.146.|0.43526667
103.42.1|0.6290199
103.5.10|0.4380842
103.58.2|0.11196774
103.77.1|0.7215274
104.114.|0.82344955
104.211.|1.54286182
104.28.1|0.9378779
105.0.11|0.14888167
105.140.|0.74444544
105.171.|0.9964804
105.207.|0.16047978
105.210.|0.33363563
105.79.8|0.12084502
106.100.|0.7344613
106.104.|0.20695698
106.177.|0.29530585
106.220.|0.68464524
106.32.3|0.37977463
106.40.2|0.54053503
106.43.1|0.9824986
106.95.8|0.24638599
107.10.1|0.91245925
107.13.1|0.5326672
107.144.|0.2292422
107.187.|0.2131815
107.221.|0.69682336
107.23.1|0.6508096
107.242.|0.915952
107.76.9|0.99805504
107.80.1|0.7559306
108.158.|0.9408617
108.181.|0.8463763
108.3.6.|0.14695477
108.46.3|0.10955727
108.64.1|0.7828651
108.64.9|0.5253388
109.128.|0.22577399
109.163.|0.13166189
109.225.|0.9486239
109.64.2|0.71805614
11.105.8|0.5452164
11.116.5|0.061216593
11.158.1|0.16909349
11.163.4|0.4535008
11.189.2|0.78083754
11.21.46|0.8096829
11.211.2|0.03072071
11.82.60|0.93675
110.189.|0.004386902
110.194.|0.52826214
110.206.|0.94381598
110.253.|0.7113192
110.26.2|0.85512483
110.70.1|0.22018975
111.109.|0.30566543
111.162.|0.79429656
111.175.|0.78670025
111.247.|0.71626765
111.57.2|0.70275724
112.138.|0.65329665
112.143.|0.22093827
112.69.1|0.92952
112.88.2|0.634942
112.95.4|0.93401915
113.103.|0.40229857
113.112.|0.8520877
113.113.|0.3478409
113.122.|0.58735627
113.165.|0.29232895
113.228.|0.9753945
113.51.1|0.31070286
114.176.|0.582936
114.190.|0.53614956
114.194.|0.42962652
114.198.|0.7499776
114.223.|0.453996
114.40.5|0.4490708
114.5.29|0.0060393214
115.138.|0.04804057
115.142.|0.7769872
115.173.|0.604745
115.178.|0.23430079
115.244.|0.79737186
115.46.4|0.24572164
115.49.1|0.78181463
115.67.6|0.4130183
115.9.18|0.052323043
115.90.6|0.27775252
116.124.|0.5286239
116.125.|0.5309102
117.121.|0.8022891
117.135.|0.45936668
117.162.|0.5564987
117.170.|0.4094882
117.18.2|0.63810515
117.237.|0.4879961
117.52.7|0.53669256
117.95.2|0.43999565
118.111.|0.2380566
118.117.|0.34697694
118.140.|0.50439197
118.152.|0.8925859
118.190.|0.13258713
118.191.|0.5952718
118.37.1|0.29144746
119.135.|0.018320024
119.139.|0.9699631
119.144.|0.5971823
119.174.|0.6158402
119.199.|0.61664325
119.238.|0.23834378
119.250.|0.8646441
119.4.15|0.021540642
119.98.2|0.19758254
12.100.6|0.95752966
12.104.1|0.9700738
12.179.1|0.6827149
12.182.4|0.91366416
12.228.1|0.031172872
12.243.9|0.3796931
12.6.26.|0.2055965
12.68.32|0.41083974
12.84.16|0.37910962
12.93.18|0.4468754
12.96.65|0.08427364
120.102.|0.9239684
120.114.|0.19934517
120.153.|0.48649383
120.220.|0.21022218
120.225.|0.33264422
120.41.1|0.19251806
120.42.7|0.63808453
120.86.2|0.4928217
121.100.|0.40502405
121.124.|0.018195271
121.180.|0.39344746
121.198.|0.61657155
121.231.|0.41317803
121.235.|0.5707121
121.26.2|0.7236359
121.29.1|0.83227247
121.3.91|0.18595672
121.42.6|0.96723187
121.45.4|0.5233973
122.128.|0.5627452
122.164.|0.94743085
122.177.|0.84029496
122.245.|0.034638107
122.46.1|0.30511338
122.49.1|0.110412896
122.52.5|0.65335387
122.53.2|0.4188704
122.89.1|0.08553445
123.150.|0.7625756
123.172.|0.32447225
123.238.|0.91209406
123.44.1|0.53356946
123.52.1|0.3846383
124.105.|0.28103012
124.106.|0.4882174
124.115.|0.3941754
124.13.1|0.7465075
124.163.|0.6165794
124.190.|0.3418033
124.194.|0.384337
124.22.1|0.87962943
124.23.1|0.27605224
124.57.5|0.39248693
124.62.1|0.8583437
124.84.1|0.6961129
125.157.|0.20936692
125.170.|0.4145952
125.177.|0.87456477
125.19.1|0.22917134
125.210.|0.59534496
125.226.|0.23715693
125.239.|0.020307958
126.138.|0.9379774
126.142.|0.17407912
126.221.|0.85359555
126.246.|0.93053645
126.37.1|0.17487794
126.67.2|0.53807676
126.77.2|0.7855935
127.176.|0.9852482
127.178.|0.17043412
127.207.|0.41010076
127.222.|0.2755782
127.252.|0.15889001
127.50.1|0.10193378
128.143.|0.8092327
128.147.|0.87253886
128.23.2|0.35430473
129.253.|0.47717744
129.36.7|0.9076846
129.86.1|0.31087607
13.151.9|0.5389208
13.161.1|0.7527963
13.252.1|0.51402533
13.37.40|0.5935536
13.44.98|0.9716394
130.119.|0.4621116
130.185.|0.29177874
130.226.|0.64946085
130.232.|0.40469438
130.26.2|0.40161043
130.44.1|0.9150175
130.74.1|0.84348506
130.85.6|0.4977011
130.95.1|0.90366125
131.198.|0.15782392
131.21.1|0.09393686
131.248.|0.67305803
131.6.24|0.12364948
132.104.|0.21535826
132.197.|0.71642709
132.199.|0.78746414
132.234.|0.4896537
132.237.|0.19740593
132.47.1|0.6909365
132.48.2|0.96681064
132.62.3|0.23848593
132.64.2|0.8336125
132.69.2|0.88426965
132.89.4|0.44432253
133.0.24|0.9683032
133.125.|0.45744038
133.128.|0.8628588
133.139.|0.8409796
133.146.|0.5922529
133.149.|0.52348423
133.174.|0.99191725
133.249.|0.96438783
133.30.8|0.57482207
133.61.2|0.6867916
133.64.1|0.022904217
133.66.2|0.6264579
133.71.2|0.12714726
133.79.1|0.9395372
134.108.|0.6251824
134.114.|0.10233694
134.115.|0.73962766
134.125.|0.40625292
134.160.|0.3651001
134.173.|0.0045276284
134.192.|0.98752725
134.233.|0.7593191
134.235.|0.6321113
135.117.|0.043293595
135.174.|0.8867444
135.196.|0.7945393
135.199.|0.6475319
135.20.9|0.39801937
135.226.|0.45959437
135.79.9|0.56188697
136.1.0.|0.7350243
136.105.|0.5599131
136.109.|0.58261085
136.110.|0.23893905
136.155.|0.47982788
136.181.|0.92286074
136.186.|0.69548213
136.199.|0.15080434
136.229.|0.5966083
136.9.49|0.24147332
136.94.1|0.765023
137.105.|0.12641484
137.157.|0.6484907
137.188.|0.20002657
137.190.|0.27560782
137.210.|0.56800246
137.214.|0.4907118
137.217.|0.44586307
137.55.3|0.27249825
138.115.|0.5076143
138.122.|0.6638611
138.135.|0.3514654
138.142.|0.17086077
138.18.2|0.058263063
138.217.|0.03326887
138.238.|0.9564295
138.34.1|0.9505208
138.8.11|0.7253883
139.109.|0.81233908
139.129.|0.79674804
139.171.|0.28141648
139.177.|0.62274045
139.186.|0.05848986
139.2.17|0.6996641
139.210.|0.42416507
139.235.|0.95959723
139.98.1|0.44727248
14.134.1|0.98975444
14.134.2|0.7182486
14.192.2|0.7180365
14.251.1|0.76238495
14.62.76|0.36095577
14.99.25|0.40548784
140.156.|0.25057465
140.176.|0.85337853
140.186.|0.91005754
140.197.|0.9089511
140.204.|0.07973063
140.241.|0.8349869
141.117.|0.5234474
141.169.|0.54919404
141.173.|0.8428941
141.203.|0.85404974
141.234.|0.8126691
141.244.|0.77003986
141.252.|0.8013437
141.43.2|0.6456478
141.5.21|0.65541756
141.8.17|0.6995915
142.112.|0.36499006
142.164.|0.1741479
142.190.|0.99652344
142.221.|0.78485906
142.250.|0.295280572
142.41.1|0.6415407
143.10.9|0.027573884
143.148.|0.36662668
143.214.|0.98211443
143.225.|0.7176378
143.47.2|0.46462786
143.53.2|0.23094016
143.63.6|0.6153515
144.12.1|0.34344673
144.143.|0.7353251
144.145.|0.8821862
144.213.|0.9129808
144.240.|0.63175946
144.73.2|0.38458586
145.161.|0.3875277
145.18.1|0.8691408
145.227.|0.70238537
145.253.|0.23426813
145.79.1|0.973834
146.109.|0.3528465
146.129.|0.9374721
146.145.|0.81234145
146.208.|0.6256505
146.61.1|0.15397036
146.67.2|0.04272014
146.70.7|0.77876526
146.89.2|0.6910943
146.97.7|0.9109504
147.109.|0.48260105
147.121.|0.885284
147.15.2|0.62088925
147.153.|0.87867594
147.222.|0.6132673
147.231.|0.066408575
147.234.|0.87211895
147.240.|0.27794725
147.30.2|0.22642213
147.82.4|0.7030342
148.0.25|0.41986728
148.109.|0.99699587
148.126.|0.7310405
148.143.|0.43177193
148.148.|0.20004785
148.25.2|0.37747383
148.3.13|0.0013934374
148.31.2|0.04526192
148.77.7|0.2267949
148.98.1|0.62623036
149.121.|0.3135289
149.148.|0.25330067
149.177.|0.037819445
149.190.|0.1233722
149.222.|0.048658967
149.247.|0.18020344
149.63.1|0.45876026
15.111.1|0.814159
15.153.2|0.043001235
15.176.2|0.8305654
15.215.1|0.37846923
15.222.7|0.57248175
15.250.2|0.8966484
15.254.2|0.5073333
15.37.11|0.2804377
15.7.73.|0.097435296
150.0.12|0.88778204
150.124.|0.38616127
150.156.|0.72543687
150.169.|0.40314144
150.210.|0.53333235
150.232.|0.92272705
150.84.2|0.23744273
151.182.|0.8364929
151.191.|0.9661414
151.242.|0.82849705
151.37.8|0.7806445
151.56.1|0.6503831
151.9.30|0.42096585
152.113.|0.33253312
152.135.|0.27116686
152.196.|0.23048526
152.221.|0.67218846
152.250.|0.04218948
152.5.30|0.063929856
152.91.2|0.7410046
153.102.|0.52913265
153.105.|0.88023835
153.13.1|0.9624605
153.142.|0.19379932
153.176.|0.37611073
153.184.|0.4803869
153.28.7|0.55826724
153.88.6|0.11784166
154.110.|0.4156946
154.132.|0.5800334
154.136.|0.92447996
154.138.|0.77148175
154.212.|0.26490724
154.228.|0.122099996
154.236.|0.4582544
154.241.|0.6117529
154.90.1|0.037498772
155.100.|0.4165563
155.26.1|0.78544533
156.101.|0.4003458
156.109.|0.6805584
156.215.|0.29854417
156.223.|0.48274624
156.66.2|0.06115055
157.10.2|0.5019467
157.118.|0.8214966
157.129.|0.4583708
157.135.|0.7923809
157.199.|0.50318
157.200.|0.8240899
157.201.|0.20475501
157.22.5|0.16886437
157.227.|0.5604855
157.245.|0.6647735
157.27.4|0.6261529
157.38.9|0.48418266
157.40.8|0.58641064
157.54.3|0.34103733
157.62.1|0.652415
158.145.|0.5192065
158.153.|0.24133557
158.194.|0.88970375
158.237.|0.8569734
158.87.1|0.6256472
159.128.|0.9901878
159.13.6|0.41419226
159.220.|0.5903254
159.63.3|0.62976944
159.67.7|0.042131126
159.96.3|0.83860326
16.104.1|0.4684813
16.117.9|0.38195533
16.137.1|0.022276878
16.165.1|0.5440454
16.165.7|0.66266394
16.176.1|0.95702904
16.236.3|0.6330507
16.31.14|0.13292485
16.49.71|0.2128374
16.59.18|0.30648273
16.6.50.|0.7184674
16.80.94|0.7675088
16.95.63|0.85941374
160.0.13|0.24557376
160.130.|0.9193776
160.153.|0.7576
160.41.1|0.099719405
160.57.7|0.8866041
160.74.4|0.23184651
161.108.|0.3809675
161.123.|0.07128024
161.167.|0.17174524
161.187.|0.0794763
161.59.1|0.9124206
161.65.1|0.093734205
161.94.8|0.77970874
161.98.1|0.7435096
162.123.|0.13754195
162.126.|0.19525635
162.135.|0.7886021
162.148.|0.8877496
162.150.|0.21011466
162.156.|0.3758886
162.166.|0.9209862
162.201.|0.83654076
162.74.1|0.74899536
163.155.|0.27194464
163.163.|0.5005757
163.177.|0.22273499
163.240.|0.42331767
163.85.1|0.74966115
163.88.4|0.2240631
164.102.|0.41350883
164.122.|0.83930355
164.148.|0.63953596
164.8.49|0.77175784
165.144.|0.48207027
165.159.|0.030565739
165.181.|0.47713464
165.222.|0.028072834
165.34.9|0.2007069
165.43.1|0.080002904
165.78.1|0.26469588
165.94.4|0.7188558
165.98.2|0.85328513
166.102.|0.024007738
166.21.2|0.31440103
166.219.|0.49575335
166.38.1|0.66547745
166.39.7|0.56009465
166.63.2|0.9517792
167.118.|0.30252385
167.208.|0.85687476
167.223.|0.9592076
167.245.|0.01396668
167.249.|0.14084864
167.27.1|0.31360757
168.102.|0.029879928
168.165.|0.37058932
168.167.|0.87222844
168.191.|0.27756888
168.194.|0.8821647
168.213.|0.14682901
168.216.|0.41346854
168.38.1|0.2573408
168.5.66|0.92858666
168.57.5|0.22139585
169.0.10|0.22609109
169.151.|0.86536556
169.205.|0.04871267
169.211.|0.9213656
169.86.1|0.588265
17.12.22|0.66013575
17.183.1|0.22744358
17.19.71|0.88553876
17.196.2|0.026018977
17.197.2|0.4009229
17.236.1|0.5976971
17.90.12|0.05457902
170.136.|0.017816663
170.180.|0.008760393
170.188.|0.039794326
170.214.|0.9818728
170.235.|0.0012492537
170.241.|0.19492
170.49.1|0.41193902
170.58.2|0.66229284
170.60.2|0.95944434
170.9.12|0.3746556
171.162.|0.30302322
171.186.|0.67914915
171.221.|0.8955863
171.253.|0.537015
171.60.6|0.4047125
171.86.2|0.94422793
172.126.|0.6103705
173.101.|0.55506325
173.102.|0.028178036
173.121.|0.58916837
173.124.|0.9950128
173.131.|0.13116431
173.156.|0.3878821
173.196.|0.6595445
173.203.|0.062933385
173.249.|0.42807823
173.49.4|0.06835544
173.56.4|0.42584223
173.89.8|0.5802615
173.96.4|0.77154547
174.119.|0.71649224
174.136.|0.5371021
174.15.8|0.9953492
174.17.9|0.3292957
174.179.|0.6213791
174.193.|0.47617435
174.212.|0.66240008
174.217.|0.030605078
174.227.|0.12964457
174.25.1|0.6119883
174.252.|0.435521
174.52.8|0.2751385
174.62.2|0.9537642
174.66.1|0.64621615
175.133.|0.83381116
175.148.|0.106194556
175.171.|0.08125538
175.227.|0.91863346
175.23.1|0.4256999
175.6.22|0.01257509
175.71.1|0.1830371
175.89.0|0.85185164
176.111.|0.85219306
176.115.|0.26080233
176.165.|0.4296028
176.2.71|0.5232546
176.21.1|0.2887106
176.3.67|0.32044882
177.12.2|0.62073445
177.139.|0.70411015
177.146.|0.5026595
177.159.|0.89375114
177.166.|0.00115484
177.173.|0.85732156
177.180.|0.8540448
177.184.|0.5023239
177.187.|0.34034276
177.218.|0.061658144
177.26.1|0.49188656
177.44.2|0.6599585
177.81.1|0.5784384
177.94.1|0.49019843
178.120.|0.69924915
178.156.|0.9748418
178.193.|0.69677746
178.218.|0.40669453
178.223.|0.89522374
178.251.|0.8020526
178.50.1|0.04919392
178.57.7|0.99361575
178.81.1|0.4638095
178.83.7|0.08717334
178.9.20|0.75310516
178.93.7|0.47728586
179.128.|0.32554722
179.141.|0.22233361
179.46.1|0.5439124
179.7.12|0.8235334
179.7.17|0.06414783
179.93.1|0.93497527
18.199.1|0.42592716
18.203.4|0.5229091
18.212.1|0.7986853
18.218.2|0.18426287
18.85.25|0.4288044
180.1.41|0.9067139
180.113.|0.03244561
180.138.|0.69087756
180.149.|0.15667897
180.157.|0.29198432
180.182.|0.67376536
180.208.|0.4492672
180.236.|0.6073764
180.249.|0.32536405
180.32.1|0.4305383
180.52.1|0.8548431
180.94.3|0.8569341
181.107.|0.12911129
181.145.|0.728879
181.156.|0.36992216
181.195.|0.6841112
181.71.2|0.053051114
182.152.|0.63809115
182.154.|0.30122125
182.163.|0.332717
182.165.|0.7442012
182.176.|0.024677277
182.181.|0.8431234
183.146.|0.41073626
183.147.|0.79034877
183.167.|0.5356653
183.173.|0.042542458
183.179.|0.22745425
183.194.|0.633459
183.29.1|0.694989
183.63.2|0.9226002
183.81.0|0.48823595
183.89.6|0.37079757
183.91.2|0.8751966
184.113.|0.48204124
184.175.|0.25645036
184.185.|0.48108774
184.193.|0.2624303
184.49.2|0.25184864
184.49.7|0.47545576
184.95.3|0.78690976
185.103.|0.3228253
185.132.|0.4048831
185.171.|0.6737839
185.217.|0.06716716
186.1.15|0.5110253
186.125.|0.67909056
186.132.|0.048597455
186.141.|0.76460946
186.153.|0.6289848
186.165.|0.7738213
186.186.|0.4733805
186.21.2|0.6851613
186.63.3|0.099321246
186.75.7|0.44476712
187.101.|0.6320627
187.198.|1.18284934
187.2.21|0.15469384
187.214.|0.89400625
187.217.|0.5170598
187.43.9|0.06852263
187.63.8|0.1102736
187.67.3|0.23330468
187.7.97|0.9005441
187.85.6|0.93321484
188.116.|0.51783484
188.123.|0.1786623
188.17.6|0.55958605
188.195.|0.03958255
188.210.|0.35952234
188.244.|0.6406878
188.37.1|0.4116099
189.130.|0.10827154
189.145.|0.58971447
189.206.|0.8182027
189.214.|0.22735685
189.231.|0.42735237
189.32.4|0.5830205
189.48.1|0.96471393
189.59.1|0.7541258
19.108.2|0.4088747
19.112.1|0.15362686
19.144.2|0.09130466
19.162.8|0.8795231
19.232.7|0.4702307
19.68.10|0.19891024
190.152.|0.60318696
190.161.|0.3462355
190.192.|0.26608384
190.202.|1.76421165
190.85.0|0.18286192
191.116.|0.16489065
191.18.9|0.6190328
191.209.|0.49632663
191.36.1|0.80322874
191.7.10|0.15569466
192.117.|0.07632667
192.126.|0.91973776
192.14.2|0.9909665
192.153.|0.19287205
192.173.|0.5652692
192.222.|0.80385685
192.65.1|0.42987084
192.85.1|0.83012474
193.194.|0.43685198
193.204.|0.14026546
193.225.|0.22341985
193.234.|0.50540113
194.103.|0.16310805
194.113.|0.70559484
194.132.|0.6696159
194.14.2|0.8524417
194.173.|1.51772225
194.223.|0.2788235
194.253.|0.1284908
194.42.7|0.04099214
194.8.51|0.3498386
195.14.2|0.0058760047
195.230.|0.4770561
195.24.1|0.123671174
195.240.|0.8762909
195.249.|0.35255086
196.175.|0.42772388
196.177.|0.13260746
196.34.1|0.8148638
197.105.|0.25002962
197.142.|0.6958916
197.167.|0.05218029
197.198.|0.92626446
197.249.|0.7450253
197.40.3|0.09647739
197.53.4|0.90562063
197.89.8|0.5047295
198.128.|0.08572024
198.26.1|0.38504517
198.34.1|0.31852627
198.4.21|0.843913
199.123.|0.4937923
199.128.|0.96950597
199.136.|0.25034124
199.158.|0.21015221
199.204.|0.9552478
199.225.|0.4287852
199.59.2|0.30820292
199.8.16|0.41416442
2.119.18|0.743131
2.180.13|0.9974291
2.216.23|0.00367105
2.231.17|0.744354
2.25.127|0.1985578
2.35.241|0.45748198
2.50.231|0.46630967
2.76.218|0.5683948
20.104.2|0.28337812
20.111.1|0.06060058
20.130.6|0.6771858
20.142.1|0.36171156
20.147.1|0.13502252
20.156.2|0.34285486
20.157.1|0.9300476
20.162.1|0.7173049
20.2.183|0.6064538
20.24.37|0.88238484
20.248.1|0.7399774
20.252.1|0.5432988
20.26.21|0.557575
20.84.78|0.22813612
200.125.|0.49679154
200.149.|0.24143362
200.178.|0.36555648
200.217.|0.6763126
200.220.|0.3621602
200.251.|0.5334631
200.70.2|0.85090715
201.109.|0.23445743
201.12.8|0.772525
201.141.|0.7388324
201.146.|0.59433573
201.204.|0.63796204
201.218.|0.49108803
201.242.|0.96678114
201.4.22|0.10101068
201.44.2|0.53356516
201.5.15|0.62705064
201.51.1|0.29668266
201.69.1|0.643981
201.91.1|0.16651899
202.11.1|0.29048562
202.123.|0.44508868
202.135.|0.17929637
202.172.|0.91750854
202.198.|0.14734781
202.215.|0.06857377
202.220.|0.2479983
202.225.|0.7086692
202.231.|0.024561226
202.232.|0.87691474
202.252.|0.4486031
202.41.1|0.20482141
202.62.2|0.5774447
202.65.1|0.90831345
202.72.1|0.096930385
202.8.13|0.12744123
202.88.3|0.15189892
203.101.|0.47869712
203.116.|0.15033787
203.128.|0.9700959
203.186.|0.576981
203.220.|0.48599052
203.24.2|0.70351994
203.242.|0.6518035
203.26.2|0.71739995
203.46.1|0.044975698
203.7.25|0.3144502
203.95.2|0.2620346
204.105.|0.3014083
204.126.|0.80432224
204.175.|0.119496405
204.183.|0.5415057
204.218.|0.6629532
204.33.3|0.09828591
204.65.2|0.5259358
205.111.|0.9630721
205.164.|0.97182506
205.34.1|0.42769194
205.66.1|0.5849562
205.70.2|0.69144875
205.94.1|0.6451963
206.108.|0.14058399
206.154.|0.95318973
206.166.|0.5028378
206.178.|0.7623474
206.53.1|0.3604964
206.6.20|0.5839215
206.86.1|0.5670743
206.91.2|0.89872634
207.125.|0.54054433
207.141.|0.89637876
207.17.3|0.22410029
207.197.|0.8259568
207.237.|0.010866284
207.247.|0.77699095
207.254.|0.75639254
207.44.2|0.2673021
207.60.1|0.9713987
207.86.2|0.8042155
208.209.|0.75199103
208.53.1|0.9478478
208.60.9|0.88951206
209.100.|0.8775374
209.11.3|0.5916113
209.147.|0.6422913
209.157.|0.025005639
209.19.3|0.035904825
209.206.|0.8684563
209.26.2|0.75440043
209.37.1|0.83778
209.45.1|0.5446883
209.46.1|0.2163207
21.138.1|0.9145614
21.173.1|0.21295524
21.175.2|0.21014494
21.216.9|0.837561
21.23.90|0.5360199
21.54.24|0.79141086
21.6.202|0.22584999
21.90.37|0.61361957
210.11.1|0.85335636
210.149.|0.5722493
210.179.|0.52517116
210.193.|0.86344874
210.211.|0.8395046
210.232.|0.5137798
210.245.|0.52472913
210.65.2|0.15426224
210.67.8|0.48735285
210.90.1|0.57088256
210.97.7|0.6746106
211.136.|0.024090111
211.192.|0.852979
211.237.|0.1689961
211.249.|0.6747545
211.71.1|0.582541
212.104.|0.28333628
212.127.|0.6679429
212.131.|0.009806991
212.145.|0.46482038
212.167.|0.82801604
212.188.|0.9654101
212.233.|0.23977757
212.82.1|0.33059537
213.100.|0.17193997
213.114.|0.29073215
213.135.|0.306951
213.162.|0.81985253
213.238.|0.9482066
213.52.8|0.5127188
213.69.2|0.866882
213.75.8|0.8221459
213.88.1|0.7790101
213.93.1|0.10250604
214.141.|0.5564546
214.144.|0.5587688
214.162.|0.829102
214.198.|0.80363435
214.238.|0.1454066
214.4.54|0.22655034
214.46.1|0.46129328
214.59.1|0.63258827
215.109.|0.84462893
215.11.2|0.9472989
215.110.|0.38267803
215.147.|0.9623179
215.153.|0.41295242
215.161.|0.27024776
215.185.|0.22991627
215.210.|0.5499869
215.230.|0.38817608
215.248.|0.026909232
215.55.1|0.8745774
215.65.1|0.7604597
215.91.1|0.10213959
216.106.|0.5496571
216.114.|0.92545456
216.120.|0.37713313
216.130.|0.1799767
216.144.|0.74805766
216.145.|0.15947276
216.155.|0.32566833
216.17.1|0.43930757
216.188.|0.46022677
216.197.|0.8044209
216.237.|0.11227286
216.56.2|0.31341314
216.66.7|0.2891404
217.155.|0.89509046
217.16.1|0.47546107
217.165.|0.9916709
217.173.|0.08723229
217.238.|0.18955845
217.251.|0.8882652
217.40.6|0.6697579
217.58.2|0.3681531
218.178.|0.54150426
218.224.|0.9551587
218.54.1|0.8069949
218.70.1|0.923815
219.109.|0.44491935
219.121.|0.14054489
219.124.|0.95277053
219.141.|0.8250773
219.205.|0.34063393
219.235.|0.7458009
219.240.|0.80844396
219.51.8|0.98414814
219.59.1|0.932231
219.69.2|0.86111426
22.151.3|0.7404871
22.159.2|0.05657673
22.196.1|0.41515994
22.250.1|0.923501
22.79.24|0.6123511
22.82.80|0.48446643
220.148.|0.9401277
220.181.|0.81432974
220.190.|0.00942713
220.235.|0.57839596
220.244.|0.16704065
220.35.7|0.009673119
220.87.1|0.014691532
220.97.1|0.2602597
221.111.|0.5735554
221.143.|0.21965241
221.166.|0.35966438
221.224.|0.60968655
221.35.1|0.9483418
221.40.1|0.4607439
221.58.1|0.8596402
221.76.2|0.08214128
222.1.45|0.3776976
222.159.|0.92822796
222.184.|0.67495954
222.221.|0.76527524
222.242.|0.3326435
222.32.1|0.6227373
222.74.1|0.9099191
223.188.|0.49365878
223.252.|0.18347734
223.48.1|0.6079091
223.83.1|0.17746896
223.87.2|0.4707049
224.107.|0.93583846
224.125.|0.5479012
224.145.|0.64840084
224.159.|0.48996085
224.169.|0.7550737
224.186.|0.2176013
224.221.|0.21504718
224.226.|0.119487345
224.31.1|0.5379279
224.44.4|0.5861149
224.87.4|0.7463427
224.95.2|0.6613544
224.98.2|0.19020218
225.129.|0.7345335
225.181.|0.7922308
225.191.|0.9788778
225.201.|0.9613468
225.228.|0.11092436
225.231.|0.70685303
225.39.1|0.2496193
225.63.1|0.7517312
225.75.1|0.869379
225.92.9|0.42171162
225.93.1|0.95503086
226.0.22|0.10877502
226.12.1|0.6931173
226.122.|0.7765237
226.15.1|0.5544385
226.152.|0.4677428
226.220.|0.43227357
226.238.|0.5577266
226.242.|0.3413459
226.252.|0.9584363
226.52.1|0.8941969
226.79.1|0.90301883
227.151.|0.7688039
227.179.|0.47041816
227.201.|0.9298146
227.206.|0.99041325
227.209.|0.115967035
227.21.1|0.7109838
227.220.|0.78919065
227.246.|0.008615732
227.61.1|0.11357033
228.114.|0.5458168
228.121.|0.07473433
228.162.|0.95221937
228.171.|0.7418457
228.197.|0.5782071
228.20.9|0.018232942
228.223.|0.4672597
228.232.|0.7821534
228.29.1|0.35141724
228.44.1|0.466838
228.45.2|0.9804808
228.87.1|0.87852854
228.94.4|0.86343604
229.128.|0.3293413
229.184.|0.67346305
229.193.|0.4946609
229.197.|0.41921818
229.226.|0.21964467
229.234.|0.13590026
229.253.|0.4692027
229.61.2|0.5693884
229.7.22|0.59290534
229.96.1|0.12691146
229.99.2|0.16043055
23.1.187|0.7597701
23.124.2|0.3582453
23.128.9|0.1401605
23.155.1|0.124052286
23.158.2|0.44496852
23.161.1|0.106075585
23.165.2|0.34177673
23.188.2|0.5620845
23.213.1|0.8917618
23.215.4|0.2368887
23.55.15|0.48141378
23.71.45|0.35096067
23.9.68.|0.34168935
23.90.38|0.97551686
23.98.10|0.83811754
230.0.3.|0.95821077
230.116.|0.6575845
230.117.|0.28400916
230.158.|0.65337366
230.17.1|0.44793522
230.241.|0.6438533
230.252.|0.42072994
230.47.2|0.3458606
230.6.20|0.7373517
230.78.1|0.6571605
230.88.1|0.9503812
231.11.2|0.44097984
231.13.8|0.6745238
231.77.2|0.10874224
232.129.|0.21466613
232.16.6|0.7311704
232.187.|0.09126544
232.249.|0.99863476
232.50.1|0.9165067
232.62.1|0.28511745
232.72.1|0.55710447
232.78.1|0.33348948
233.110.|0.24836469
233.121.|0.47795862
233.154.|0.754558
233.186.|0.22157311
233.244.|0.9128237
233.40.9|0.88169116
233.60.3|0.52637565
233.65.1|0.93643266
233.69.8|0.5500742
234.102.|0.011518955
234.104.|0.8492672
234.194.|0.79323846
234.220.|0.4379751
234.232.|0.9536521
234.237.|0.30210757
234.24.1|0.39516425
234.46.1|0.93015677
235.153.|0.25668597
235.154.|0.56887484
235.185.|0.6266551
235.203.|0.88920444
235.228.|0.8796175
235.247.|0.22667754
235.26.1|0.57709277
235.32.5|0.5010046
236.103.|0.83211726
236.121.|0.4903409
236.128.|0.2944811
236.183.|0.24308759
236.215.|0.0151741505
237.126.|0.39288926
237.162.|0.2728864
237.20.1|0.6331685
237.204.|0.35229045
237.231.|0.6451747
237.249.|0.32523125
237.79.1|0.5937488
237.87.1|0.7324234
238.118.|0.8336398
238.158.|0.0051053762
238.162.|0.28330922
238.180.|0.2817561
238.181.|0.15454513
238.19.7|0.098249555
238.215.|0.8059554
238.239.|0.630407
239.108.|0.3350917
239.112.|0.30158758
239.146.|0.82032186
239.165.|0.4181385
239.226.|0.614578
239.232.|0.9027317
239.245.|0.4560861
239.26.0|0.77022034
239.40.7|0.45564198
239.59.1|0.22155023
239.9.10|0.5249694
24.0.219|0.040172875
24.19.15|0.87921524
24.211.3|0.68916893
24.220.1|0.65154535
24.234.2|0.82292116
24.244.1|0.6892197
24.58.15|0.7727561
24.81.24|0.65794104
240.162.|0.5696969
240.43.1|0.3865291
240.52.2|0.75372994
240.6.84|0.2839613
240.82.2|0.8503435
241.109.|0.75011843
241.174.|0.5512888
241.198.|0.9301928
241.199.|0.7929404
241.222.|0.39990658
241.236.|1.2002708
241.248.|0.5490202
241.45.1|0.2748381
242.128.|0.10333192
242.130.|0.22414726
242.140.|0.6749573
242.170.|0.56615853
242.179.|0.4287793
242.180.|0.4665752
242.191.|0.78048104
242.25.2|0.73283017
242.7.11|0.30989552
243.183.|0.071867704
243.88.2|0.66327894
244.166.|0.34318215
244.220.|0.36627704
244.248.|0.7205349
244.29.1|0.5149291
244.65.5|0.739189
244.67.2|0.4799217
245.113.|0.7969183
245.143.|0.15796393
245.199.|0.5349931
245.218.|0.9795898
245.231.|0.5348346
245.34.1|0.71683836
245.43.5|0.41594756
246.142.|0.046684384
246.151.|0.108557165
246.216.|0.5098762
246.226.|0.010559559
246.231.|0.5711319
246.232.|0.7762197
246.70.4|0.91340375
246.75.0|0.93542
247.153.|0.7260258
247.168.|0.8838112
247.170.|0.28792095
247.200.|0.6455207
247.246.|0.39872807
247.43.3|0.60940367
247.71.2|0.8466666
248.140.|0.9715717
248.144.|0.18715996
248.157.|0.41020274
248.166.|0.6426247
248.196.|0.030243933
248.216.|0.11675626
248.229.|0.29037428
248.29.2|0.9025056
248.62.2|0.20360208
248.67.1|0.037703574
248.71.1|0.19059193
248.99.8|0.977285
249.115.|0.2116561
249.147.|0.77786803
249.159.|0.4777084
249.187.|0.57915694
249.188.|0.3978023
249.203.|0.3718288
249.213.|0.7246039
249.78.2|0.21417439
25.218.3|0.42061353
25.55.23|0.3291186
25.72.68|0.24954623
25.97.78|0.025300145
250.17.8|0.26208907
250.176.|0.5687774
250.193.|0.016494751
250.210.|0.25846058
250.233.|0.7328107
250.37.2|0.14559633
250.42.2|0.72647214
250.58.2|0.6955369
250.77.4|0.6605014
251.107.|0.7084088
251.109.|0.37836212
251.117.|0.023251474
251.126.|0.7280651
251.130.|0.69816893
251.139.|0.76172775
251.16.1|0.054495692
251.171.|0.6180267
251.174.|0.12855029
251.175.|0.46960616
251.177.|0.10700369
251.181.|0.57148373
251.233.|0.42199022
251.39.4|0.58973837
251.5.24|0.84351045
251.67.2|0.30374116
251.92.2|0.87438583
252.102.|0.58944422
252.115.|0.94351685
252.128.|0.34070885
252.133.|0.39063412
252.16.2|0.2477004
252.25.1|0.9800644
252.47.2|0.79690176
252.96.2|0.55136675
253.101.|0.6719019
253.102.|0.85497046
253.159.|0.9442508
253.168.|0.5172525
253.197.|0.053438127
253.228.|0.07536805
253.25.1|0.34718406
253.7.65|0.011194289
254.108.|0.9858488
254.147.|0.82878846
254.162.|0.5995281
254.251.|0.20995778
254.59.2|0.8197547
26.141.1|0.76547396
26.157.1|0.19087338
26.169.2|0.8727131
26.184.2|0.6391856
26.26.16|0.6939286
26.8.217|0.72539073
27.112.3|0.477714
27.194.2|0.121683836
27.27.10|0.5846299
28.122.1|0.14481848
28.122.2|0.2463376
28.169.4|0.2448433
28.171.1|0.43148386
28.188.1|0.5151241
28.225.2|0.0037484765
28.226.9|0.7274991
28.26.21|0.8962772
28.67.24|0.17860931
28.89.23|0.61143214
29.11.14|0.8593458
29.113.5|0.09176016
29.16.23|0.2938292
29.162.1|0.09737259
29.210.2|0.45598918
29.211.2|0.89499307
29.229.1|0.93660665
29.235.1|0.16647583
29.248.9|0.80413437
29.3.55.|0.41405457
29.35.24|0.80558646
29.52.24|0.76846874
3.105.32|0.36893088
3.108.18|0.58652866
3.11.226|0.7858242
3.130.25|0.98923856
3.174.15|0.58090496
3.177.13|0.25877362
3.210.24|0.27570558
3.230.15|0.8580614
3.56.182|0.63080627
30.210.2|0.95059896
30.221.7|0.34573686
30.224.7|0.9892712
30.249.1|0.017442584
30.250.4|0.0993759
30.61.23|0.595085
30.9.93.|0.54390174
30.92.30|0.2045263
31.142.2|0.050691307
31.145.1|0.16307545
31.147.2|0.18905205
31.153.1|0.7248799
31.187.1|0.19843549
31.213.2|0.3210566
31.237.2|0.7328749
31.4.190|0.039469182
31.40.19|0.35933864
31.59.22|0.9595767
31.63.26|0.37135744
31.90.66|0.94881046
32.146.1|0.77573645
32.153.1|0.0771966
32.162.1|0.948921
32.209.8|0.41524965
32.221.1|0.6771876
32.232.1|0.49584663
32.238.1|0.82023036
32.239.6|0.300466
32.249.1|0.24756414
32.253.1|0.5366732
32.40.21|0.7709005
32.49.18|0.6881643
32.86.33|0.09433395
33.112.5|0.43351167
33.151.6|0.86996657
33.157.1|0.23818785
33.224.6|0.7547072
33.226.1|0.117924154
33.79.15|0.43844205
34.148.2|0.14556646
34.15.5.|0.08317089
34.163.2|0.7023623
34.167.2|0.37484193
34.212.1|0.89324623
34.215.1|0.015384376
34.236.2|0.23296809
34.250.1|0.7552045
34.44.13|0.38012892
34.51.13|0.32144654
34.51.48|0.5585018
34.57.45|0.14202267
34.7.163|0.7298299
34.70.17|0.17012537
35.141.1|0.79721916
35.143.2|0.8792629
35.166.1|0.13351649
35.188.1|0.5846121
35.197.1|0.8058346
35.22.21|0.56506133
35.237.1|0.49326313
35.43.10|0.87724423
35.49.16|0.12648398
35.75.17|0.031173885
35.93.11|0.7646773
36.118.1|0.31704086
36.122.1|0.72544056
36.184.3|0.85915947
36.200.1|0.49646086
36.28.10|0.7227481
36.88.24|0.057887495
37.143.1|0.8723444
37.188.2|1.0288859
37.191.1|0.56521845
37.56.31|0.5550423
37.59.18|0.46549547
37.78.30|0.3408013
37.93.14|0.79722685
38.152.7|0.69154
38.218.4|0.95381784
38.29.84|0.7811695
38.32.12|0.42955434
38.55.23|0.9118979
38.56.19|0.18953162
39.116.5|0.47303194
39.121.1|0.43592858
39.151.5|0.24957341
39.159.4|0.85968494
39.225.7|0.4711576
39.4.57.|0.7858942
39.9.2.1|0.037938774
4.182.20|0.3008101
4.199.21|0.9659423
40.10.13|0.38968438
40.138.3|0.5801929
40.141.5|0.30284506
40.142.4|0.872104
40.154.7|0.26713365
40.163.1|0.18029302
40.24.15|0.9687756
40.6.231|0.44383252
40.96.57|0.016079783
41.181.8|0.13931853
41.193.7|0.97086316
41.206.1|0.48109716
41.217.2|0.2500863
41.218.4|0.03636366
41.3.208|0.52986
42.126.7|0.3324138
42.145.8|0.06964016
42.154.9|0.80111814
42.193.1|0.47801977
42.204.1|0.36061984
42.213.1|0.034179986
42.217.1|0.24133354
42.245.1|0.48356944
42.32.22|0.7269702
42.5.129|0.24123919
43.111.2|0.7152917
43.131.2|0.7996003
43.135.2|0.10124129
43.196.1|0.8958934
43.212.1|0.6267799
43.59.12|0.13337982
43.59.98|0.04913038
44.131.2|0.43395126
44.148.8|0.4552797
44.15.11|0.83588266
44.194.2|0.7076135
44.250.2|0.008372247
44.70.20|0.8944065
44.71.26|0.3468765
44.73.10|0.58221143
44.8.162|0.7816359
44.87.22|0.09376454
45.119.1|0.5462813
45.221.1|0.30519723
45.25.25|0.4824025
45.35.16|0.46170658
45.75.16|0.48038387
46.160.1|0.5076599
46.192.5|0.37321168
46.236.2|0.42397863
46.27.13|0.27989435
46.61.15|0.8193854
46.78.12|0.76742625
47.146.1|0.3208053
47.160.1|0.9356596
47.172.9|0.27882093
47.208.1|0.5248266
47.212.1|0.6733189
47.215.2|0.860326
47.224.2|0.8053756
47.54.21|0.70191395
47.55.14|0.7329876
47.89.86|0.358548
48.121.2|0.6577202
48.214.1|0.7688144
48.218.1|0.17212564
48.221.1|0.6778766
48.251.1|0.32279587
48.76.22|0.46100318
49.139.3|0.98560447
49.149.1|0.6612483
5.123.20|0.9215952
5.183.14|0.061952174
5.209.22|0.5730117
5.35.233|0.9158855
5.65.146|0.70342904
5.86.148|0.3561266
5.93.2.1|0.18312007
5.98.4.1|0.19554526
50.193.1|0.10378754
50.210.1|0.65247667
51.113.4|0.1319977
51.117.1|0.64139074
51.140.2|0.92411244
51.163.6|0.31930357
51.179.1|0.114366174
51.183.1|0.86696917
51.209.2|0.7932044
51.246.4|0.70428545
51.251.2|0.91292065
51.40.23|0.6150564
51.55.53|0.3808266
52.173.1|0.48110843
52.189.1|0.49056977
52.195.1|0.92572457
52.29.11|0.6798889
53.114.3|0.8150091
53.172.1|0.5217269
53.208.3|0.4727348
53.88.3.|0.34749013
54.141.1|0.98774314
54.147.2|0.90979093
54.165.1|0.5722981
54.168.1|0.87975514
54.170.1|0.66020644
54.50.17|0.1249882
54.51.50|0.54652846
54.60.22|0.8768062
54.72.23|0.47869778
54.87.90|0.2719897
54.99.14|0.312172
55.119.6|0.1995278
55.143.6|0.67399013
55.143.7|0.7035627
55.147.2|0.13829488
55.159.6|0.56729305
55.164.2|0.43765098
55.182.7|0.6068796
55.193.1|0.060459852
55.27.82|0.13843095
55.35.13|0.48510516
55.60.66|0.6287991
55.94.12|0.77295727
56.175.3|0.6226037
56.203.9|0.29612428
56.26.23|0.32694703
56.34.17|0.13513201
56.76.24|0.067082584
57.131.2|0.99555045
57.134.2|0.13537365
57.156.5|0.8859953
57.169.9|0.97900826
57.222.1|0.47571558
57.243.2|0.6818357
57.43.19|0.4977466
57.83.87|0.27458495
58.107.5|0.012801528
58.113.1|0.50071955
58.118.2|0.9346211
58.13.13|0.8005414
58.149.2|0.23378968
58.199.2|0.3698519
58.220.4|0.111450076
58.242.2|0.00011885166
58.254.3|0.5901197
58.66.12|0.52077913
58.68.23|0.49605477
58.71.19|0.18423039
59.15.92|0.8073372
59.220.1|0.17446363
59.254.1|0.21829236
59.9.203|0.7517228
59.98.18|0.8469953
6.11.252|0.63453835
6.142.19|0.9483169
6.145.22|0.014808357
6.160.40|0.34593904
6.176.80|0.25944018
6.64.11.|0.17493135
6.80.135|0.4858284
60.103.4|0.6076677
60.181.1|0.17729747
60.206.2|0.80615544
60.218.5|0.66027826
60.241.2|0.38980204
60.5.3.1|0.78566706
60.64.81|0.82575184
61.138.1|0.24437451
61.142.2|0.5070177
61.146.1|0.025975704
61.19.17|0.8661701
61.248.1|0.8960904
61.54.21|0.88765687
61.7.189|0.525701
61.83.14|0.9377394
62.140.2|0.56504625
62.223.1|0.020554721
62.237.3|0.61796415
62.29.16|0.6708738
62.36.73|0.8954587
62.49.90|0.4826753
62.73.25|0.811467
62.90.88|0.7856705
63.106.2|0.20358497
63.122.1|0.36864507
63.140.1|0.8214098
63.160.1|0.106141984
63.186.5|0.6119155
63.234.1|0.834925
63.25.11|0.7773517
63.91.47|0.7230495
63.99.52|0.888815
64.106.1|0.2640466
64.215.2|0.05181265
64.3.106|0.31098586
64.3.58.|0.078520834
65.172.2|0.1919409
65.186.3|0.56462073
65.192.1|0.5886673
65.228.1|0.29549563
65.238.9|0.48994112
65.32.15|0.7709026
65.62.22|0.967131
65.86.16|0.54555553
66.100.1|0.8196704
66.130.5|0.55785596
66.140.1|0.68439204
66.155.2|0.7858892
66.162.1|0.7816919
66.194.1|0.35331345
66.244.5|0.32003003
66.34.16|0.9760287
66.48.22|0.73899853
66.75.23|0.4752444
67.114.1|0.38823318
67.142.1|0.9561386
67.160.1|0.047798038
67.191.1|0.5728516
67.192.7|0.25220507
67.208.2|0.23119837
67.229.1|0.45038307
67.42.18|0.024992228
67.52.14|0.5670332
67.53.16|0.89806324
67.66.10|0.23805541
67.81.29|0.2383318
68.141.2|0.017968714
68.157.3|0.30693245
68.175.4|0.042132437
68.41.12|0.09327638
68.71.23|0.6127642
69.126.2|0.001370728
69.177.2|0.86941916
69.227.1|0.33260298
69.232.1|0.43295133
69.238.2|0.5449897
69.44.74|0.8155089
69.61.21|0.15281284
7.136.14|0.29033953
7.231.91|0.72603977
7.232.15|0.30377555
7.242.10|0.81860775
7.25.111|0.11971867
7.86.87.|0.3164673
70.115.2|0.8991995
70.130.9|0.12189752
70.17.20|0.95726544
70.193.1|0.9649607
70.241.1|0.28276557
70.52.14|0.27106905
71.116.2|0.29332364
71.157.1|0.6786609
71.158.1|0.38281727
71.180.3|0.97403336
71.184.1|0.25835747
71.249.1|0.48243654
71.70.15|0.654597
72.158.2|0.06311822
72.16.7.|0.27467692
72.187.9|0.28224576
72.20.10|0.856915
72.210.8|0.9956585
72.211.1|0.20450062
72.214.7|0.54373753
72.250.1|0.036213458
72.45.15|0.795263
72.57.18|0.29342788
72.63.15|0.24165261
73.102.2|0.7072385
73.124.6|0.9175129
73.14.18|0.53164494
73.15.21|0.9662967
73.178.2|0.4555478
73.182.1|0.87554324
73.62.81|0.07807487
73.72.36|0.72449416
73.88.46|0.49383265
74.149.2|0.08981657
74.168.1|0.9853483
74.193.2|0.9370881
74.22.21|0.18253505
74.239.9|0.74189687
74.246.1|0.4153071
74.249.9|0.52326816
74.67.25|0.019911528
75.103.2|0.50234044
75.12.12|0.29653805
75.221.9|0.92445254
75.225.2|0.30230552
75.229.1|0.2116245
75.230.1|0.461237
75.24.23|0.9965903
76.138.1|0.63523936
76.165.1|0.13439739
76.190.1|0.54664904
76.200.7|0.96317995
76.235.2|0.30125886
76.252.1|0.10955912
76.253.1|0.8558095
76.65.31|0.32698786
77.140.1|0.99850976
77.155.9|0.76325756
77.202.7|0.25175995
77.238.2|0.43323427
77.252.6|0.91365784
77.39.12|0.79722875
77.46.87|0.49099463
77.8.147|0.8382496
78.113.2|0.36947608
78.156.1|0.24187952
78.16.23|0.397969
78.177.2|0.89612705
78.185.2|0.92735803
78.229.1|0.32641596
78.250.2|0.25039387
78.63.12|0.4046194
78.7.122|0.9191308
78.75.43|0.17913508
79.104.7|0.68064994
79.14.12|0.8638475
79.169.2|0.2950186
79.175.1|0.4572125
79.20.95|0.36980617
79.239.7|0.9021002
79.62.20|0.58643883
8.102.16|0.86063623
8.116.19|0.2557258
8.126.23|0.4243315
8.180.13|0.07816285
8.190.50|0.3496825
8.192.6.|0.05629921
8.212.25|0.4933967
8.249.22|0.21801627
8.26.183|0.94929767
8.35.208|0.50048816
80.129.2|0.43181324
80.134.1|0.5424724
80.157.1|0.86527896
80.184.3|0.9066435
80.186.1|0.44507188
81.114.1|0.33045506
81.151.1|0.03262812
81.23.11|0.08505529
81.241.1|0.72045636
81.26.10|0.5556802
81.38.25|0.24765486
82.103.1|0.034499526
82.124.7|0.31082052
82.173.1|0.43965018
82.208.9|0.25325912
82.55.16|0.61634296
82.8.31.|0.61280316
83.106.7|0.6793627
83.168.2|0.54578197
83.177.1|0.7066191
83.223.2|0.31075436
83.224.9|0.1892373
83.246.1|0.5727082
83.248.2|0.057492673
83.37.64|0.83619
83.66.2.|0.92484826
83.68.20|0.25565755
83.72.11|0.6590594
83.77.24|0.69210523
84.115.3|0.3691343
84.148.2|0.19563282
84.167.1|0.5444293
84.245.1|0.9041445
84.54.80|0.88068575
85.166.3|0.9452073
85.34.42|0.9156495
85.43.14|0.51456326
85.62.16|0.14171225
85.62.22|0.9861862
85.65.70|0.49718243
86.11.87|0.32435346
86.116.2|0.7512035
86.131.1|0.08565915
86.157.9|0.81479985
86.35.18|0.3379467
86.90.23|0.7875782
87.14.22|0.32357484
87.165.2|0.50562245
87.218.2|0.7291437
87.31.12|0.5225026
88.166.1|0.41370606
88.193.5|0.7983962
88.212.2|0.3897115
88.254.1|0.35581046
88.81.43|0.88001496
89.1.58.|0.6208467
89.144.2|0.8554648
89.186.1|0.83647597
89.42.25|0.8609027
89.69.15|0.12452555
89.98.18|0.7037366
9.105.11|0.18223935
9.213.12|0.78804725
9.52.58.|0.44883448
9.82.63.|0.93768734
90.121.6|0.30129224
90.143.5|0.14505863
90.166.1|0.96395713
90.169.1|0.34587395
90.199.2|0.20092928
90.204.8|0.31715167
90.227.3|0.80013496
90.248.1|0.53021425
91.109.1|0.28447574
91.251.1|0.7854402
91.84.12|0.16689724
92.109.1|0.09613681
92.14.22|0.7467652
92.144.2|0.5705752
92.160.2|0.2176401
92.199.1|0.44203973
92.20.6.|0.52706105
92.211.5|0.70888406
92.215.1|0.2016266
92.232.1|0.7747565
92.33.37|0.9976302
92.55.22|0.88005763
92.65.6.|0.70213515
93.0.217|0.31129032
93.100.1|0.05792153
93.14.29|0.42448628
93.144.2|0.2796083
93.158.1|0.92961544
93.179.3|0.45096385
93.194.2|0.08233541
93.208.1|0.6472813
94.111.8|0.9025803
94.115.6|0.6049748
94.126.9|0.18002433
94.146.3|0.9662546
94.208.1|0.71071607
94.227.1|0.092529535
94.233.1|0.28179514
94.64.11|0.27857834
94.76.98|0.15932107
94.93.19|0.81859136
95.116.1|0.7295082
95.121.1|0.92047465
95.142.2|0.7470279
95.144.1|0.08630222
95.144.2|0.9168098
95.156.7|0.93587846
95.156.8|0.08617902
95.187.7|0.7715957
95.190.2|0.70284253
95.214.1|0.801044
95.249.3|0.7002171
95.27.11|0.027591169
95.6.19.|0.25017715
95.89.23|0.075651884
96.11.13|0.6890869
96.243.1|0.708416
96.252.7|0.1302641
96.40.18|0.5953811
96.54.16|0.20993215
96.81.93|0.81466275
96.84.66|0.95936227
97.1.63.|0.39218563
97.101.1|0.47234488
97.183.9|0.26859933
97.185.2|0.21348661
97.189.1|0.81661034
97.190.2|0.93458986
97.193.2|0.77647275
97.216.2|0.4402219
97.31.21|0.38015246
97.53.61|0.23789185
97.79.19|0.17112333
97.98.25|0.6121496
98.129.1|0.62154824
98.133.1|0.23082376
98.146.7|0.59732515
98.240.3|0.5111804
98.29.11|0.91458917
98.32.8.|0.22324604
98.43.11|0.28513157
98.51.84|0.74331504
98.96.19|0.61333746
99.108.2|0.08930421
99.116.9|0.70979804
99.125.8|0.26493776
99.134.5|0.43922186
99.171.6|0.48265928
99.195.2|0.9508451
99.224.1|0.5504996
99.234.2|0.98935574
99.48.14|0.31505907
